{
  "mse": 11.650097846984863,
  "mae": 2.587177038192749,
  "r2": 0.8241531848907471,
  "duration": 0.161518,
  "name": "16k"
}