{
  "mse": 23.589914321899414,
  "mae": 3.8059253692626953,
  "r2": 0.6439333558082581,
  "duration": 0.181247,
  "name": "16k"
}